Code,Family,Category,Compliance,Relevant Form / Document (best effort),Due Date,Statutory Reference,Penalty,Dependency,Existing/New
IN-MCA-DIR3-KYC,ROC,CORPORATE_SECRETARIAL,DIR-3 KYC — annual director KYC,DIR-3 KYC,Annual — on or before 30 September of the immediate next financial year for DIN holders covered by Rule 12A.,"Rule 12A Companies (Appointment and Qualification of Directors) Rules, 2014","DIN may be deactivated for non-filing; ₹5,000 fee applies for delayed KYC filing.",CIN,Existing
IN-MCA-DIR3-KYC-WEB,ROC,CORPORATE_SECRETARIAL,DIR-3 KYC-WEB — annual web-based director KYC,DIR-3 KYC-WEB,Annual — on or before 30 September of the immediate next financial year for DIN holders covered by Rule 12A.,"Rule 12A Companies (Appointment and Qualification of Directors) Rules, 2014","DIN may be deactivated for non-filing; ₹5,000 fee applies for delayed KYC filing.",CIN,New
IN-MCA-DIR12-APPOINTMENT,ROC,CORPORATE_SECRETARIAL,Director appointment — company filing,DIR-12,Event-based — within 30 days of appointment,"Section 170(2) Companies Act, 2013 r/w Rule 18 Companies (Appointment and Qualification of Directors) Rules, 2014",Additional filing fee and penalties may apply for delayed or omitted filing.,CIN,New
IN-MCA-MBP1-DISCLOSURE,ROC,CORPORATE_SECRETARIAL,MBP-1 — disclosure of interest by director,MBP-1,"Annual / event-based — at the first Board meeting attended, at the first Board meeting of each financial year, and whenever the disclosure changes","Section 184(1) Companies Act, 2013",Contravention may attract monetary penalty on the director and can affect validity of interested transactions.,CIN,Existing
IN-MCA-DIR11-RESIGNATION,ROC,CORPORATE_SECRETARIAL,DIR-11 — notice of resignation by director,DIR-11,Event-based — may be filed by the resigning director within 30 days of resignation,"Section 168(1) Companies Act, 2013 r/w Rule 15 Companies (Appointment and Qualification of Directors) Rules, 2014",Additional filing fee may apply for late filing; company-side DIR-12 compliance remains separate.,CIN,New
IN-MCA-DIR12-RESIGNATION,ROC,CORPORATE_SECRETARIAL,DIR-12 — company reporting of director resignation,DIR-12,Event-based — within 30 days of resignation / cessation,"Section 170(2) Companies Act, 2013 r/w Rule 18 Companies (Appointment and Qualification of Directors) Rules, 2014",Additional filing fee and statutory penalties may apply for default.,CIN,New
IN-MCA-DIR12-APPOINT-REAPPOINT,ROC,CORPORATE_SECRETARIAL,Director appointment / reappointment — ROC filing,DIR-12 + Board/Shareholder Resolution,Event-based — DIR-12 generally within 30 days of appointment / reappointment,"Sections 152 and 170 Companies Act, 2013 r/w Rule 18 Companies (Appointment and Qualification of Directors) Rules, 2014",Additional filing fee and statutory penalties may apply for default.,CIN,New
IN-MCA-INDEPENDENT-DIRECTOR-DECLARATION,ROC,CORPORATE_SECRETARIAL,Independent director — declaration of independence,Declaration under Section 149(7),"Annual / event-based — at the first Board meeting in which the director participates, at the first Board meeting of each financial year, and whenever circumstances change","Section 149(7) Companies Act, 2013",No separate filing penalty; non-compliance is dealt with under the applicable substantive provision.,CIN,New
IN-MCA-SMALL-SHAREHOLDERS-DIRECTOR,ROC,CORPORATE_SECRETARIAL,Small shareholders' director — election / appointment,DIR-12 + shareholder process,Event-based — follow the statutory notice and election process; DIR-12 generally within 30 days of appointment,"Section 151 Companies Act, 2013 r/w Rule 7 Companies (Appointment and Qualification of Directors) Rules, 2014",Additional filing fee and statutory penalties may apply if appointment-related filings are delayed.,CIN,New
IN-MCA-KMP-APPOINTMENT,ROC,CORPORATE_SECRETARIAL,Key managerial personnel — appointment,DIR-12 + Board Resolution,Event-based — appointment by Board; DIR-12 generally within 30 days. A KMP vacancy is to be filled within six months,"Section 203 Companies Act, 2013 r/w Rules 8 and 8A Companies (Appointment and Remuneration of Managerial Personnel) Rules, 2014",Contravention attracts penalties on the company and officers in default under Section 203.,CIN,New
IN-MCA-MANAGERIAL-REMUNERATION,ROC,CORPORATE_SECRETARIAL,Managerial remuneration — approvals and limits,Board/Shareholder Resolution + statutory records,Event-based / annual — approvals must be in place before payment or appointment; annual disclosures form part of corporate reporting,"Section 197 Companies Act, 2013 r/w Schedule V",Excess remuneration may be recoverable and contravention can attract statutory penalties.,CIN,New
IN-MCA-MR1,ROC,CORPORATE_SECRETARIAL,MR-1 — return of appointment of MD / WTD / Manager,MR-1,Event-based — within 60 days of appointment,"Section 196 Companies Act, 2013 r/w Rule 3 Companies (Appointment and Remuneration of Managerial Personnel) Rules, 2014",Additional filing fee and statutory penalties may apply for default.,CIN,New
IN-MCA-MANAGERIAL-REMUNERATION-DISCLOSURE,ROC,CORPORATE_SECRETARIAL,Managerial remuneration — annual disclosure,Board's Report / financial statement disclosures,"Annual — with the Board's Report and financial statements, as applicable","Section 197(12) Companies Act, 2013 r/w Rule 5 Companies (Appointment and Remuneration of Managerial Personnel) Rules, 2014",No separate filing penalty; non-compliance is dealt with under the applicable substantive provision.,CIN,New
IN-MCA-DIRECTOR-RETIREMENT-ROTATION,ROC,CORPORATE_SECRETARIAL,Director retirement by rotation / reappointment,AGM Resolution + DIR-12,Annual / event-based — at the AGM; DIR-12 generally within 30 days if there is an appointment or cessation to report,"Section 152(6) Companies Act, 2013",Additional filing fee and statutory penalties may apply where the required ROC filing is delayed.,CIN,New
IN-MCA-BOARD-MEETING-PARTICIPATION,ROC,CORPORATE_SECRETARIAL,Board meetings — participation and attendance,Board Meeting Register / Attendance,Governance / event-based — record participation and attendance for each Board meeting; no separate quarterly filing deadline. Board-meeting frequency is governed by Section 173.,"Section 173 Companies Act, 2013","No standalone filing penalty for participation/attendance records. Consequences depend on the specific Section 173 / governance default; do not apply ₹25,000 as a generic penalty.",CIN,New
IN-MCA-RPT-DIRECTOR-DISCLOSURE,ROC,CORPORATE_SECRETARIAL,Related-party / interest disclosure by directors,MBP-1 / RPT process,Annual / event-based — disclose interests at the first Board meeting of each financial year and whenever there is a change; transaction approvals are event-based,"Sections 184 and 188 Companies Act, 2013",Non-compliance can attract penalties and may make the transaction voidable / require ratification.,CIN,New
IN-MCA-LOANS-TO-DIRECTORS,ROC,CORPORATE_SECRETARIAL,Loans to directors — Section 185 compliance,Board/Shareholder approval + statutory records,"Event-based — statutory conditions and approvals must be satisfied before the loan, guarantee or security is provided","Section 185 Companies Act, 2013","Contravention can attract monetary penalties on the company, officers and recipient, and other statutory consequences.",CIN,New
IN-MCA-BOARD-REPORT-DISCLOSURES,ROC,CORPORATE_SECRETARIAL,Board's Report — annual statutory disclosures,Board's Report,Annual — approved by the Board and circulated with the financial statements before the AGM,"Section 134 Companies Act, 2013 r/w Companies (Accounts) Rules, 2014",Contravention attracts penalties on the company and officers under Section 134.,CIN,New
IN-MCA-DIRECTOR-REMUNERATION-DISCLOSURE,ROC,CORPORATE_SECRETARIAL,Director remuneration — annual disclosure,Financial statements / Board's Report,"Annual — with the financial statements and Board's Report, as applicable","Sections 197 and 134 Companies Act, 2013 r/w applicable disclosure rules",No separate filing penalty; non-compliance is dealt with under the applicable substantive provision.,CIN,New
IN-MCA-REGISTER-DIRECTORS-KMP,ROC,CORPORATE_SECRETARIAL,Register of directors and KMP — maintenance and updates,Statutory Register,Ongoing — update the statutory register when particulars change; keep it available as required,"Section 170 Companies Act, 2013",Default attracts statutory penalties under the Companies Act.,CIN,New
IN-MCA-OTHER-DIRECTORSHIPS-DISCLOSURE,ROC,CORPORATE_SECRETARIAL,Director disclosures — other directorships / disqualification status,DIR-8 / MBP-1 / director disclosure,Annual / event-based — at the start of the financial year / first Board meeting and whenever particulars change,"Sections 164 and 184 Companies Act, 2013 r/w applicable rules",Incorrect or omitted disclosure may trigger director and company-level compliance consequences.,CIN,New
IN-MCA-AOC4,ROC,CORPORATE_SECRETARIAL,AOC-4 — filing of financial statements,AOC-4,Annual — 30 days after the AGM Date,"Section 137 Companies Act, 2013 r/w Rule 12","₹100 per day with no cap, plus penalties on the company and every officer in default.",CIN,Existing
IN-MCA-AOC4-CFS,ROC,CORPORATE_SECRETARIAL,AOC-4 CFS — consolidated financial statements,AOC-4 CFS,Annual — 30 days after the AGM Date,"Section 129(3) Companies Act, 2013 r/w Rule 6",₹100 per day with no cap.,CIN,Existing
IN-MCA-AOC4-NBFC,ROC,CORPORATE_SECRETARIAL,AOC-4 NBFC — filing of NBFC financial statements,AOC-4 NBFC (Ind AS) / applicable NBFC variant,Annual — within 30 days of the AGM,"Section 137 Companies Act, 2013 r/w applicable Companies (Accounts) / filing rules for NBFCs",Additional filing fee applies for delay; continuing default can attract company and officer penalties.,CIN,New
IN-MCA-AOC4-XBRL,ROC,CORPORATE_SECRETARIAL,AOC-4 XBRL — financial statements in XBRL format,AOC-4 XBRL,Annual — 30 days after the AGM Date,"Rule 3 Companies (Filing of Documents and Forms in XBRL) Rules, 2015",₹100 per day with no cap.,CIN,Existing
IN-MCA-MGT7,ROC,CORPORATE_SECRETARIAL,MGT-7 — annual return,MGT-7,Annual — 60 days after the AGM Date,"Section 92 Companies Act, 2013 r/w Rule 11",Additional filing fee ₹100 per day of delay under applicable filing-fee rules; separate statutory penalty under Section 92 may also apply.,CIN,Existing
IN-MCA-MGT7A,ROC,CORPORATE_SECRETARIAL,MGT-7A — annual return for OPC / small company,MGT-7A,Annual — 60 days after the AGM Date,"Section 92 Companies Act, 2013 r/w Rule 11(1) proviso",Additional filing fee ₹100 per day of delay under applicable filing-fee rules; separate statutory penalty under Section 92 may also apply.,CIN,Existing
IN-MCA-BOARDS-REPORT,ROC,CORPORATE_SECRETARIAL,Board's Report — preparation and approval,Board's Report,Annual — approved by the Board and sent with the financial statements before the AGM,"Section 134 Companies Act, 2013 r/w Companies (Accounts) Rules, 2014",Contravention attracts penalties on the company and officers under Section 134.,CIN,New
IN-MCA-FINANCIAL-STATEMENTS-PREPARATION,ROC,CORPORATE_SECRETARIAL,"Financial statements — preparation, approval and signing","Balance Sheet + Statement of Profit and Loss + Cash Flow + Notes, as applicable",Annual — prepare for Board approval before circulation and AGM,"Sections 129 and 134 Companies Act, 2013",Non-compliance can attract penalties relating to financial statements and Board reporting.,CIN,New
IN-MCA-AGM,ROC,CORPORATE_SECRETARIAL,Annual general meeting,Notice + Agenda + Resolutions + Minutes,First AGM: within 9 months from close of first financial year. Thereafter: within 6 months from close of FY and not more than 15 months between AGMs; Registrar may extend a non-first AGM by up to 3 months.,"Section 96 Companies Act, 2013",Default in holding an AGM is punishable under Section 99. Keep the penalty amount/version as a law-versioned parameter rather than a fixed generic value.,CIN,Existing
IN-MCA-AGM-NOTICE,ROC,CORPORATE_SECRETARIAL,AGM notice,AGM Notice,"Annual — ordinarily at least 21 clear days before the AGM, unless shorter notice is validly consented to","Section 101 Companies Act, 2013",Defective notice can invalidate proceedings and may attract statutory consequences.,CIN,New
IN-MCA-AGM-MINUTES,ROC,CORPORATE_SECRETARIAL,AGM minutes — preparation and entry,Minutes of AGM,"Event-based — minutes must be prepared, signed and entered in the minutes book within 30 days of the meeting","Section 118 Companies Act, 2013 r/w Secretarial Standard on General Meetings (SS-2)",Default attracts penalties on the company and officers under Section 118.,CIN,New
IN-MCA-ANNUAL-RETURN-PREPARATION,ROC,CORPORATE_SECRETARIAL,Annual return — preparation and finalisation,Annual Return Working Paper,Annual — complete in time for filing MGT-7 / MGT-7A within 60 days of the AGM,"Section 92 Companies Act, 2013 r/w Rule 11 Companies (Management and Administration) Rules, 2014",Late filing attracts additional fee and penalties applicable to the annual return.,CIN,New
IN-MCA-ADT1,ROC,CORPORATE_SECRETARIAL,ADT-1 — notice of auditor appointment,ADT-1,Annual — 15 days after the AGM Date,"Section 139 Companies Act, 2013 r/w Rule 4","Additional fee applies under the Companies (Registration Offices and Fees) Rules, 2014; separate statutory consequences may apply. Do not use a universal ₹100/day penalty.",CIN,Existing
IN-MCA-AUDITOR-CONSENT-ELIGIBILITY,ROC,CORPORATE_SECRETARIAL,Auditor consent and eligibility certificate,Auditor Consent / Eligibility Certificate,Event-based — obtain before appointment / reappointment,"Section 139(1) Companies Act, 2013 r/w Rule 4 Companies (Audit and Auditors) Rules, 2014",Appointment made without the required eligibility / consent can be non-compliant and require corrective action.,CIN,New
IN-MCA-ADT1-REAPPOINTMENT,ROC,CORPORATE_SECRETARIAL,Auditor reappointment — AGM resolution and ROC filing,AGM Resolution + ADT-1,Annual — 15 days after the AGM Date,"Section 139 Companies Act, 2013 r/w Rule 4","Additional fee applies under the Companies (Registration Offices and Fees) Rules, 2014; separate statutory consequences may apply. Do not use a universal ₹100/day penalty.",CIN,New
IN-MCA-AUDITOR-CASUAL-VACANCY,ROC,CORPORATE_SECRETARIAL,Auditor casual vacancy — appointment,Board/Shareholder Resolution + ADT-1,"Event-based — Board generally fills the vacancy within 30 days; where caused by resignation, shareholder approval is required within three months","Section 139(8) Companies Act, 2013",Failure to fill the vacancy or complete required filings can attract statutory penalties and additional filing fees.,CIN,New
IN-MCA-ADT3,ROC,CORPORATE_SECRETARIAL,ADT-3 — auditor resignation statement,ADT-3,Event-based — auditor to file within 30 days of resignation,"Section 140(2) Companies Act, 2013 r/w Rule 8 Companies (Audit and Auditors) Rules, 2014",Late or non-filing can attract statutory penalty on the auditor in addition to filing fees.,CIN,New
IN-MCA-AUDITORS-REPORT,ROC,CORPORATE_SECRETARIAL,Independent auditor's report — completion and signing,Independent Auditor's Report,Annual — completed and signed with the audited financial statements before circulation / AGM,"Section 143 Companies Act, 2013",Professional and statutory consequences apply for non-compliance or defective reporting.,CIN,New
IN-MCA-SECRETARIAL-AUDIT-MR3,ROC,CORPORATE_SECRETARIAL,Secretarial audit — MR-3 for prescribed companies,MR-3,Annual — annex to the Board's Report for the relevant financial year,"Section 204 Companies Act, 2013 r/w Rule 9 Companies (Appointment and Remuneration of Managerial Personnel) Rules, 2014","Contravention attracts penalties on the company, officers and practising company secretary under Section 204.",CIN,New
IN-MCA-SECRETARIAL-AUDITOR-APPOINTMENT,ROC,CORPORATE_SECRETARIAL,Secretarial auditor — appointment / engagement,Board Resolution / Engagement Letter,Annual / event-based — appoint early enough to complete the statutory secretarial audit before the Board's Report is finalised,"Section 204 Companies Act, 2013 r/w applicable rules",No separate filing penalty; failure to obtain the required secretarial audit attracts Section 204 consequences.,CIN,New
IN-MCA-MGT8,ROC,CORPORATE_SECRETARIAL,"MGT-8 — certification of annual return, where applicable",MGT-8,Annual — obtain before filing the annual return; MGT-7 is due within 60 days of the AGM,"Section 92(2) Companies Act, 2013 r/w Rule 11 Companies (Management and Administration) Rules, 2014",Incorrect certification or failure to obtain required certification can attract statutory and professional penalties.,CIN,New
IN-MCA-SHAREHOLDING-DISCLOSURE,ROC,CORPORATE_SECRETARIAL,Shareholding details — annual return disclosure,Shareholding Statement / MGT-7 data,Annual — finalise for inclusion in MGT-7 / MGT-7A within the annual-return filing timeline,"Section 92 Companies Act, 2013 r/w Companies (Management and Administration) Rules, 2014",Incorrect or omitted annual-return particulars may attract penalties applicable to the annual return.,CIN,New
IN-MCA-PROMOTER-SHAREHOLDING,ROC,CORPORATE_SECRETARIAL,Promoter shareholding — annual disclosure,Promoter Holding Statement / annual return data,Annual — update and reconcile for annual-return and financial-statement disclosures,"Sections 88 and 92 Companies Act, 2013 r/w applicable rules",No separate filing penalty; non-compliance is dealt with under the applicable substantive provision.,CIN,New
IN-MCA-MEMBER-LIST,ROC,CORPORATE_SECRETARIAL,Register / list of members — annual return support,List of Members / Register of Members,Ongoing / annual — maintain continuously and reconcile for the annual return,"Sections 88 and 92 Companies Act, 2013",Default in maintenance or annual-return reporting attracts penalties under the relevant provisions.,CIN,New
IN-MCA-DIRECTOR-KMP-ANNUAL-DISCLOSURE,ROC,CORPORATE_SECRETARIAL,Director and KMP details — annual return disclosure,Director & KMP Statement / MGT-7 data,Annual — reconcile for the annual return and update event-based changes through applicable ROC forms,"Sections 170 and 92 Companies Act, 2013",No separate filing penalty; non-compliance is dealt with under the applicable substantive provision.,CIN,New
IN-MCA-DIRECTOR-REMUNERATION-ANNUAL,ROC,CORPORATE_SECRETARIAL,Director / KMP remuneration — annual disclosure,Remuneration Statement / financial statements / Board's Report,"Annual — with the financial statements and Board's Report, as applicable","Section 197 Companies Act, 2013 r/w applicable rules",No separate filing penalty; non-compliance is dealt with under the applicable substantive provision.,CIN,New
IN-MCA-BOARD-MEETING,ROC,CORPORATE_SECRETARIAL,Board meetings — statutory frequency and gap,Board Meeting Register / Minutes,First Board meeting within 30 days of incorporation; thereafter at least 4 Board meetings every year with not more than 120 days between consecutive meetings. Special rules apply to OPC/small/dormant companies.,"Section 173 Companies Act, 2013","Section 173 consequences depend on the specific default. The ₹25,000 amount in Section 173(4) relates to failure by an officer to give required notice and is not a generic meeting-frequency penalty.",CIN,New
IN-MCA-BOARD-MEETING-ATTENDANCE,ROC,CORPORATE_SECRETARIAL,Board meeting attendance — records,Attendance Register,Governance / event-based — maintain attendance for each Board meeting; no standalone quarterly filing due date.,"Section 173 Companies Act, 2013","No standalone filing penalty for the attendance record itself; apply the consequence of the actual underlying governance default, if any.",CIN,New
IN-MCA-COMMITTEE-MEETINGS,ROC,CORPORATE_SECRETARIAL,"Statutory committee meetings — scheduling, attendance and minutes",Committee Meeting Records,"Periodic / event-based — frequency depends on the committee, company class and applicable law / listing requirements","Companies Act, 2013 and applicable committee rules / Secretarial Standards",Penalties depend on the specific committee obligation and applicable law.,CIN,New
IN-MCA-CSR-ANNUAL-COMPLIANCE,ROC,CORPORATE_SECRETARIAL,CSR — annual compliance review,CSR-2 where applicable + Board's Report disclosures,Annual — complete CSR spending / transfer / reporting obligations for the financial year and make prescribed filings / disclosures,"Section 135 Companies Act, 2013 r/w Companies (Corporate Social Responsibility Policy) Rules, 2014",Unspent-amount and reporting defaults can attract monetary penalties under Section 135.,CIN,New
IN-MCA-CSR-REPORT,ROC,CORPORATE_SECRETARIAL,CSR — annual report and Board's Report disclosure,Annual CSR Report,Annual — included in / annexed to the Board's Report for the financial year,"Section 135 Companies Act, 2013 r/w Rule 8 Companies (Corporate Social Responsibility Policy) Rules, 2014",No separate filing penalty; non-compliance is dealt with under the applicable substantive provision.,CIN,New
IN-MCA-AOC2-RPT,ROC,CORPORATE_SECRETARIAL,"AOC-2 — disclosure of related-party contracts / arrangements, where applicable",AOC-2,Annual — annexed to the Board's Report for the relevant financial year,"Section 134(3)(h) Companies Act, 2013 r/w Rule 8(2) Companies (Accounts) Rules, 2014 and Section 188",Underlying related-party transaction defaults can attract penalties and require ratification / restitution.,CIN,New
IN-MCA-SECTION186,ROC,CORPORATE_SECRETARIAL,"Loans, guarantees, securities and investments — Section 186 compliance",Register / Board and shareholder approvals,Event-based — obtain required approvals before the transaction and update the statutory register promptly,"Section 186 Companies Act, 2013",Contravention can attract penalties on the company and officers in default.,CIN,New
IN-MCA-DPT3,ROC,CORPORATE_SECRETARIAL,DPT-3 — annual return of deposits / exempt receipts,DPT-3,"Annual — on or before 30 June every year for information as on 31 March, subject to MCA extensions.","Rule 16 Companies (Acceptance of Deposits) Rules, 2014",Additional filing fee and statutory consequences apply under the Companies (Acceptance of Deposits) Rules / MCA fee rules; do not use a single universal penalty amount.,CIN,Existing
IN-MCA-MSME1,ROC,CORPORATE_SECRETARIAL,MSME-1 — half-yearly return of outstanding dues to micro and small enterprises,MSME-1,Half Yearly — generally 30 April for October–March and 31 October for April–September,"Section 405 Companies Act, 2013 r/w Specified Companies (Furnishing of Information about Payment to Micro and Small Enterprise Suppliers) Order, 2019",Non-filing / incorrect filing can attract penalties under Section 405.,CIN,Existing
IN-MCA-BEN2,ROC,CORPORATE_SECRETARIAL,BEN-2 — return of significant beneficial ownership,BEN-2,Event-based — company to file within 30 days of receipt of the BEN-1 declaration,"Section 90 Companies Act, 2013 r/w Companies (Significant Beneficial Owners) Rules, 2018",Company and officer defaults can attract monetary penalties; SBO-related restrictions may also apply.,CIN,Existing
IN-MCA-PAS6,ROC,CORPORATE_SECRETARIAL,PAS-6 — reconciliation of share capital audit,PAS-6,"Half Yearly — within 60 days from the conclusion of each half-year, where applicable","Rules 9A / 9B Companies (Prospectus and Allotment of Securities) Rules, 2014, as applicable",Late filing attracts additional fee and statutory penalties may apply.,CIN,Existing
IN-MCA-ANNUAL-RETURN-WEBSITE,ROC,CORPORATE_SECRETARIAL,Annual return — website disclosure and Board's Report link,Website disclosure,"Annual — place the annual return on the company's website, if any, and disclose the web-link in the Board's Report","Section 92(3) Companies Act, 2013",Default is dealt with under the annual-return / Board-report compliance provisions.,CIN,New
IN-MCA-STATUTORY-REGISTERS,ROC,CORPORATE_SECRETARIAL,Statutory registers — annual review and continuous update,Annual Register Checklist,Ongoing — maintain and update the applicable statutory registers when the triggering event occurs; no universal annual filing due date.,"Sections 85, 88, 170, 189 Companies Act, 2013",Penalty depends on the particular register/default and applicable section; do not use a single universal amount.,CIN,Existing
IN-MCA-STATUTORY-RECORDS-REVIEW,ROC,CORPORATE_SECRETARIAL,Statutory records — annual completeness review,Annual Compliance Checklist,Annual / ongoing — no standalone filing; review before annual filings and AGM,"Companies Act, 2013 and rules applicable to the relevant statutory records",No separate filing penalty; non-compliance is dealt with under the applicable substantive provision.,CIN,New
IN-MCA-DIVIDEND-DECLARATION,ROC,CORPORATE_SECRETARIAL,"Dividend — declaration, payment and records",Board/AGM Resolution + Dividend Records,Event-based — final dividend is declared at the AGM; declared dividend is generally payable within 30 days,"Sections 123 and 127 Companies Act, 2013",Failure to distribute declared dividend within the statutory period can attract interest and penalties under Section 127.,CIN,New
IN-MCA-UNPAID-DIVIDEND,ROC,CORPORATE_SECRETARIAL,Unpaid dividend — transfer and disclosure,Unpaid Dividend Account / IEPF-related statements,Event-based — unpaid amount is transferred to the Unpaid Dividend Account within 7 days after expiry of 30 days from declaration; further IEPF timelines then apply,"Section 124 Companies Act, 2013 r/w IEPF Authority Rules, 2016",Company and officer penalties apply for failure to transfer / report amounts as required.,CIN,New
IN-MCA-IEPF4,ROC,CORPORATE_SECRETARIAL,IEPF-4 — statement of shares transferred to IEPF,IEPF-4,Event-based — file within 30 days of the corporate action effecting transfer of shares to the IEPF demat account,"Section 124(6) Companies Act, 2013 r/w Rule 6 IEPF Authority (Accounting, Audit, Transfer and Refund) Rules, 2016",Default can attract penalties under the Companies Act / IEPF Rules.,CIN,New
IN-MCA-IEPF5-PROCESS,ROC,CORPORATE_SECRETARIAL,IEPF-5 claim — company verification and records,IEPF-5 process / verification report,Event-based — company/bank must submit the IEPF-5 e-verification report within 30 days from the date of submission of the claim.,"Rule 7 IEPF Authority (Accounting, Audit, Transfer and Refund) Rules, 2016","Additional fee of ₹50 per day applies after the prescribed period, subject to a maximum of ₹2,500, as stated in the current MCA instruction kit.",CIN,New
IN-MCA-ANNUAL-COMPLIANCE-CERTIFICATE,ROC,CORPORATE_SECRETARIAL,Annual compliance certificate — internal / engagement deliverable,Annual Compliance Certificate,Annual / internal — no universal standalone ROC filing due date,Internal governance / professional engagement requirement; statutory basis depends on the certificate used,No standalone statutory penalty unless the certificate is required under a specific provision.,CIN,New
IN-MCA-DIRECTOR-ANNUAL-DECLARATIONS,ROC,CORPORATE_SECRETARIAL,Director annual declarations — interest and disqualification status,MBP-1 / DIR-8 / annual director declarations,"Annual / event-based — collect at the first Board meeting / start of the financial year and on changes, as applicable","Sections 164 and 184 Companies Act, 2013 r/w applicable rules",Incorrect or missing declarations can trigger director and company-level compliance consequences.,CIN,Existing
IN-MCA-AUDITOR-INDEPENDENCE,ROC,CORPORATE_SECRETARIAL,Auditor independence and eligibility — annual / appointment check,Auditor Independence Checklist / eligibility certificate,Annual / event-based — verify before appointment / reappointment and monitor throughout the engagement,"Sections 139 and 141 Companies Act, 2013",Ineligible appointment and prohibited relationships can require vacancy / corrective action and may attract penalties.,CIN,New
IN-MCA-FINANCIAL-STATEMENT-APPROVAL,ROC,CORPORATE_SECRETARIAL,Financial statements — Board approval and signing,Board Resolution,Annual — Board approval and prescribed signatures before circulation and AGM,"Section 134(1) Companies Act, 2013",Non-compliance can attract penalties under Section 134.,CIN,New
IN-MCA-ANNUAL-FILING-RECONCILIATION,ROC,CORPORATE_SECRETARIAL,ROC annual filing — reconciliation and completeness check,ROC Filing Reconciliation,Annual / internal — complete before AOC-4 and MGT-7 / MGT-7A filings,"Internal control supporting Sections 92 and 137 Companies Act, 2013",No separate filing penalty; non-compliance is dealt with under the applicable substantive provision.,CIN,New
IN-MCA-ANNUAL-COMPLIANCE-SIGNOFF,ROC,CORPORATE_SECRETARIAL,Annual compliance — final sign-off,Annual Compliance Certificate / sign-off checklist,Annual / internal — after completion of annual corporate filings and supporting reviews,Internal governance; no universal standalone statutory filing,No separate filing penalty; non-compliance is dealt with under the applicable substantive provision.,CIN,New
IN-MCA-CSR1,ROC,CORPORATE_SECRETARIAL,CSR-1 — registration of eligible CSR implementing entity,CSR-1,Event-based — complete registration before undertaking CSR activities as an implementing agency,"Rule 4(2) Companies (Corporate Social Responsibility Policy) Rules, 2014","Without valid registration, the entity cannot act as an eligible implementing agency for covered CSR projects.",CIN,New
IN-MCA-CSR-UTILISATION-CERTIFICATE,ROC,CORPORATE_SECRETARIAL,CSR utilisation — certification of funds disbursed and used,Utilisation Certificate / CFO or responsible person certification,Annual / ongoing — certify utilisation for Board review as part of CSR monitoring; no separate ROC filing date,"Rule 4(5) Companies (Corporate Social Responsibility Policy) Rules, 2014",No separate filing penalty; non-compliance is dealt with under the applicable substantive provision.,CIN,New
IN-MCA-CSR2,ROC,CORPORATE_SECRETARIAL,CSR-2 — report on corporate social responsibility,CSR-2,Annual — file CSR-2 for the relevant financial year within the timeline prescribed by Rule 12(1B) and the FY-specific MCA notification / filing mechanism; do not derive a universal 31 December rule without the applicable FY notification.,"Rule 12(1B) Companies (Accounts) Rules, 2014",Do not infer a CSR-2 filing penalty from Section 135 unspent-CSR penalties. Apply the current MCA filing-fee / statutory consequence for the relevant FY and default.,CIN,Existing
IN-MCA-CSR-BOARD-REPORT,ROC,CORPORATE_SECRETARIAL,CSR — Board's Report disclosure,CSR disclosure in Board's Report,Annual — include the prescribed CSR disclosures in the Board's Report for the financial year,"Section 134(3)(o) and Section 135 Companies Act, 2013 r/w Rule 8 Companies (Corporate Social Responsibility Policy) Rules, 2014",Reporting and unspent-amount defaults can attract penalties under Section 135 and related provisions.,CIN,New
IN-MCA-CSR-ANNUAL-REPORT,ROC,CORPORATE_SECRETARIAL,CSR — annual report on CSR activities,Annual CSR Report,Annual — prepare for inclusion / annexure to the Board's Report,"Rule 8 Companies (Corporate Social Responsibility Policy) Rules, 2014",No separate filing penalty; non-compliance is dealt with under the applicable substantive provision.,CIN,New
IN-EPF-FORM5A,PF and ESIC,LABOUR,EPF Form 5A — employer ownership / management particulars,Form 5A / online ownership details,Event-based — furnish prescribed ownership / management particulars and update changes within the applicable EPFO timeline,"Paragraph 36A EPF Scheme, 1952 / EPFO Form 5A requirements",Failure to furnish required employer particulars can attract action under the EPF law and delay establishment services.,ESIC / EPF Code,New
IN-EPF-CONTRIBUTION-PAYMENT,PF and ESIC,LABOUR,EPF contribution — monthly payment,ECR-generated challan / online payment,"Monthly — 1 month, up to day 15 of that month after end of the period","Para 38 EPF Scheme, 1952",Delayed remittance can attract interest under Section 7Q and damages under Section 14B. The damages rate/policy has changed over time; calculate using the notification/policy effective for the default period rather than the legacy 5–100% table.,ESIC / EPF Code,New
IN-EPF-ECR-RECON,PF and ESIC,LABOUR,EPF ECR and challan — monthly reconciliation,ECR + Challan,Monthly / internal — complete after ECR filing and contribution payment for the month,"Internal control supporting Paragraph 38 EPF Scheme, 1952",No separate filing penalty; unresolved short payment can attract interest and damages.,ESIC / EPF Code,New
IN-EPF-EMPLOYEE-ENROLMENT,PF and ESIC,LABOUR,EPF member enrolment — new employee,UAN / Member Registration,Event-based — complete on joining / before inclusion in the first applicable ECR,"EPF Scheme, 1952 and EPFO UAN / member-enrolment process","Omission can lead to contribution arrears, interest, damages and employee-service issues.",ESIC / EPF Code,New
IN-EPF-UAN-GENERATION,PF and ESIC,LABOUR,UAN generation / allotment for eligible employee,UAN facility,Event-based — complete on joining / before the first applicable ECR where a UAN does not already exist,EPFO UAN / member-registration requirements under the EPF Scheme,Delay can cause ECR / KYC / benefit-processing issues and contribution reconciliation problems.,ESIC / EPF Code,New
IN-EPF-FORM11,PF and ESIC,LABOUR,Form 11 — employee declaration of previous EPF / UAN details,Form 11,Event-based — obtain at the time of joining before completing PF enrolment,"EPF Scheme, 1952 / EPFO Form 11 requirements",Incorrect or missing declaration can create duplicate UANs and contribution / service-history issues.,ESIC / EPF Code,New
IN-EPF-EMPLOYEE-KYC,PF and ESIC,LABOUR,EPF member KYC — onboarding and verification,UAN / Member Portal,Event-based — complete during onboarding and update when KYC particulars change,EPFO UAN / KYC requirements,"Incomplete KYC can restrict online claims, transfers and other member services.",ESIC / EPF Code,New
IN-EPF-EMPLOYEE-EXIT,PF and ESIC,LABOUR,EPF member date of exit — update,Date of Exit update on EPFO portal,Event-based — update promptly after cessation of employment and before claim / transfer processing,EPFO member-service / employer portal requirements,"Delay can obstruct transfer, withdrawal and pension-related processing.",ESIC / EPF Code,New
IN-EPF-UAN-PROFILE-CORRECTION,PF and ESIC,LABOUR,UAN member profile — correction / update,Online Member Profile Update,Event-based — submit when an error or change is identified,EPFO member profile / joint declaration process,"No separate periodic penalty; incorrect profile data can block KYC, transfer or claim processing.",ESIC / EPF Code,New
IN-EPF-EMPLOYER-PROFILE-CORRECTION,PF and ESIC,LABOUR,EPF establishment / employer profile — correction,Employer Portal,Event-based — update when establishment particulars change or an error is identified,"EPF Scheme, 1952 and EPFO employer portal requirements",Interest at the statutory rate under the ESI Act / Regulations and damages under Regulation 31C based on the duration of default; retain the default-period slab rather than a single flat penalty.,ESIC / EPF Code,New
IN-ESIC-CONTRIBUTION-PAYMENT,PF and ESIC,LABOUR,ESIC contribution — monthly payment,Online Challan / Payment,"Monthly — 1 month, up to day 15 of that month after end of the period","Regulation 31 ESI (General) Regulations, 1950",Interest at 12% a year plus damages up to 25% of the arrears.,ESIC / EPF Code,Existing
IN-PT-GENERIC-MONTHLY-PAYMENT,Professional tax,LABOUR,Professional tax — monthly payment,State PT challan / e-payment,"State-specific — due date varies by the applicable State / local professional-tax law, registration type and periodicity",Applicable State / local Professional Tax Act and Rules,"State-specific interest, late fee and penalty apply for delayed payment / return.",,New
IN-PT-GENERIC-QUARTERLY-PAYMENT,Professional tax,LABOUR,Professional tax — quarterly payment,State PT challan,"State-specific — due date varies by the applicable State / local professional-tax law, registration type and periodicity",Applicable State / local Professional Tax Act and Rules,"State-specific interest, late fee and penalty apply for delayed payment / return.",,New
IN-PT-GENERIC-MONTHLY-RETURN,Professional tax,LABOUR,Professional tax — monthly employer return,State-specific PT return,"State-specific — due date varies by the applicable State / local professional-tax law, registration type and periodicity",Applicable State / local Professional Tax Act and Rules,"State-specific interest, late fee and penalty apply for delayed payment / return.",,New
IN-PT-GENERIC-QUARTERLY-RETURN,Professional tax,LABOUR,Professional tax — quarterly employer return,State-specific PT return,"State-specific — due date varies by the applicable State / local professional-tax law, registration type and periodicity",Applicable State / local Professional Tax Act and Rules,"State-specific interest, late fee and penalty apply for delayed payment / return.",,New
IN-PT-GENERIC-ANNUAL-RETURN,Professional tax,LABOUR,Professional tax — annual employer return,State-specific annual return,"State-specific — due date varies by the applicable State / local professional-tax law, registration type and periodicity",Applicable State / local Professional Tax Act and Rules,"State-specific interest, late fee and penalty apply for delayed payment / return.",,New
IN-IT-ITR7,Income tax,TAX_DIRECT,Income tax return — person / institution filing ITR-7,ITR-7,Annual — statutory due date depends on the category and audit requirement; file by the applicable due date under Section 139(1),"Section 139(1) r/w Sections 139(4A) to 139(4D), Income-tax Act","Late filing can attract fee, interest and restrictions on carry-forward / exemption claims, as applicable.",PAN,New
IN-IT-ITR5,Income tax,TAX_DIRECT,Income tax return — LLP / firm (ITR-5),ITR-5,Annual — due date depends on audit applicability and the relevant tax period. Do not derive the product deadline from a fixed month-offset alone.,Section 139(1) Income-tax Act,"Late filing can attract fee under Section 234F, interest and loss-related consequences.",PAN,Existing
IN-IT-ITR3-ITR4,Income tax,TAX_DIRECT,"Income tax return — individual / HUF using ITR-3 or ITR-4, as applicable",ITR-3 / ITR-4,Annual — non-audit and audit cases have different statutory due dates; the product must determine audit applicability and tax period before generating the deadline.,Section 139(1) Income-tax Act,"Late filing can attract fee under Section 234F, interest and restrictions on carry-forward of certain losses.",PAN,New
IN-IT-REVISED-RETURN,Income tax,TAX_DIRECT,Revised return of income,Revised applicable ITR,Correction — use the revised-return deadline applicable to the relevant assessment/tax year under the governing Act and current Finance Act amendments. Do not hard-code 31 December across years.,Section 139(5) Income-tax Act,No separate penalty merely for a valid revision; interest / tax consequences continue to apply to the corrected return.,PAN,New
IN-IT-ITRU,Income tax,TAX_DIRECT,Updated return of income,ITR-U,"Event-based — may be filed within the statutory updated-return window, currently extending up to 48 months from the end of the relevant assessment year, subject to eligibility",Section 139(8A) Income-tax Act r/w applicable updated-return provisions,Additional income-tax is payable at the prescribed rate; eligibility restrictions apply.,PAN,New
IN-IT-BELATED-RETURN,Income tax,TAX_DIRECT,Belated return of income,Applicable ITR,Annual / late filing — use the belated-return deadline applicable to the relevant assessment/tax year under the governing Act and current Finance Act amendments. Do not hard-code 31 December across years.,Section 139(4) Income-tax Act,"Late filing fee, interest and restrictions on carry-forward of certain losses may apply.",PAN,New
IN-IT-SELF-ASSESSMENT-TAX,Income tax,TAX_DIRECT,Self-assessment tax payment,e-Pay Tax / applicable challan,"Event-based — pay tax, interest and fee due before furnishing the return of income",Section 140A Income-tax Act,Interest and other return-filing consequences may continue until outstanding tax is paid.,PAN,New
IN-IT-TAX-PAYMENT,Income tax,TAX_DIRECT,Income-tax payment — demand / regular tax / other payment,e-Pay Tax / applicable challan,"Event-based — by the due date stated in the applicable demand, order or statutory provision",Income-tax Act and applicable demand / payment provision,"Interest, recovery action and other consequences depend on the underlying tax liability.",PAN,New
IN-IT-TAX-AUDIT-3CA,Income tax,TAX_DIRECT,Tax audit report — Form 3CA,Form 3CA,"Annual — 6 months, up to day 30 of that month after end of the period",Section 44AB Income-tax Act r/w Rule 6G,"0.5% of turnover, capped at ₹1,50,000, under Section 271B.",PAN,Existing
IN-IT-TAX-AUDIT-3CB,Income tax,TAX_DIRECT,Tax audit report — Form 3CB,Form 3CB,"Annual — 6 months, up to day 30 of that month after end of the period",Section 44AB Income-tax Act r/w Rule 6G,"0.5% of turnover, capped at ₹1,50,000, under Section 271B.",PAN,Existing
IN-IT-TP-DOCUMENTATION,Income tax,TAX_DIRECT,Transfer-pricing documentation — contemporaneous records,Rule 10D documentation,Annual / ongoing — maintain contemporaneous documentation by the return / report due date and retain it for the prescribed period,Section 92D Income-tax Act r/w Rule 10D Income-tax Rules,Failure to maintain / furnish prescribed information can attract transfer-pricing penalties.,PAN,New
IN-IT-FORM3CEAA,Income tax,TAX_DIRECT,Master File — furnishing prescribed information,Form 3CEAA,"Annual — furnish by the prescribed due date for the relevant previous year, generally aligned to the transfer-pricing return cycle",Section 92D Income-tax Act r/w Rule 10DA Income-tax Rules,Non-furnishing / incorrect furnishing can attract prescribed transfer-pricing penalties.,PAN,New
IN-IT-FORM3CEAB,Income tax,TAX_DIRECT,Master File — designated constituent entity intimation,Form 3CEAB,"Annual / event-based — where applicable, furnish the designated-entity intimation within the prescribed period before the Master File due date",Rule 10DA Income-tax Rules,Non-compliance can attract penalties applicable to Master File reporting.,PAN,New
IN-IT-FORM3CEAC,Income tax,TAX_DIRECT,Country-by-Country reporting — constituent entity notification,Form 3CEAC,"Annual — furnish the notification within the prescribed period before the CbCR due date, where applicable",Section 286 Income-tax Act r/w Rule 10DB Income-tax Rules,Failure to furnish prescribed CbCR information can attract daily / fixed penalties under Section 271GB.,PAN,New
IN-IT-FORM3CEAD,Income tax,TAX_DIRECT,Country-by-Country Report,Form 3CEAD,"Annual — generally within 12 months from the end of the reporting accounting year, subject to the applicable CbCR rules",Section 286 Income-tax Act r/w Rule 10DB Income-tax Rules,Failure to furnish or inaccurate furnishing can attract penalties under Section 271GB.,PAN,New
IN-TDS-26QB,TDS,TAX_DIRECT,TDS on transfer of immovable property — challan-cum-statement,Form 26QB,Event-based / monthly — furnish within 30 days from the end of the month in which tax is deducted,Applicable TDS provision of the Income-tax Act r/w Rule 30 / prescribed Form 26QB rules,Interest for delayed deduction / deposit and late-filing fee or penalty may apply.,PAN,New
IN-TDS-26QC,TDS,TAX_DIRECT,TDS on rent by specified individual / HUF — challan-cum-statement,Form 26QC,Event-based / monthly — furnish within 30 days from the end of the month in which tax is deducted,Applicable TDS provision of the Income-tax Act r/w Rule 30 / prescribed Form 26QC rules,Interest for delayed deduction / deposit and late-filing fee or penalty may apply.,PAN,New
IN-TDS-26QD,TDS,TAX_DIRECT,TDS on specified payments by individual / HUF — challan-cum-statement,Form 26QD,Event-based / monthly — furnish within 30 days from the end of the month in which tax is deducted,Applicable TDS provision of the Income-tax Act r/w Rule 30 / prescribed Form 26QD rules,Interest for delayed deduction / deposit and late-filing fee or penalty may apply.,PAN,New
IN-TDS-26QE,TDS,TAX_DIRECT,TDS on virtual digital asset by specified person — challan-cum-statement,Form 26QE,Event-based / monthly — furnish within 30 days from the end of the month in which tax is deducted,Applicable TDS provision of the Income-tax Act r/w Rule 30 / prescribed Form 26QE rules,Interest for delayed deduction / deposit and late-filing fee or penalty may apply.,PAN,New
IN-TDS-CORRECTION,TDS,TAX_DIRECT,TDS / TCS correction statement,Correction statement / return,Event-based — file promptly after identifying an error or receiving a default / mismatch; no single universal periodic due date,Section 200(3) / 206C and applicable TDS/TCS statement rules,"Uncorrected defaults can continue to generate fee, interest, demand and penalty exposure.",PAN,New
IN-TDS-TRACES-DEFAULT,TDS,TAX_DIRECT,TRACES default / demand — review and response,TRACES default / demand,Internal control — no statutory quarterly due date. Reconcile Form 26AS / AIS / TRACES as part of periodic tax-control and before filing/response actions.,"Sections 200A, 201 and related TDS provisions of the Income-tax Act","Interest, fee, demand recovery and penalty may continue until the default is resolved.",PAN,New
IN-IT-AIS-REVIEW,Income tax,TAX_DIRECT,Annual Information Statement — review / feedback,AIS,Annual / periodic review — no standalone filing due date; reconcile before filing the return and submit feedback when needed,Income-tax Department information-reporting framework,No separate penalty for reviewing AIS; unresolved mismatches may affect return processing / assessment.,PAN,New
IN-IT-TIS-REVIEW,Income tax,TAX_DIRECT,Taxpayer Information Summary — review,TIS,Annual / periodic review — no standalone filing due date; reconcile before filing the return,Income-tax Department AIS / TIS framework,No standalone filing penalty.,PAN,New
IN-IT-PAN-AADHAAR,Income tax,TAX_DIRECT,"PAN / Aadhaar — applicable linking, verification and update compliance",Applicable PAN / Aadhaar form or portal process,Event-based / notification-based — follow the deadline prescribed for the specific PAN / Aadhaar requirement,Income-tax Act / Rules and applicable CBDT notification,"Consequences vary by requirement and can include inoperative PAN, higher TDS/TCS or prescribed fee.",PAN,New
IN-IT-NONRESIDENT-PE,Income tax,TAX_DIRECT,Non-resident / permanent-establishment tax compliance,"Applicable return, withholding, declarations and transfer-pricing records","Case-specific — due dates depend on the return, withholding, transfer-pricing and treaty obligations triggered","Income-tax Act, applicable tax treaty and Income-tax Rules","Tax, interest, withholding and penalty consequences depend on the specific non-resident obligation.",PAN,New
IN-IT-TRC,Income tax,TAX_DIRECT,Tax residency certificate — obtain / furnish for treaty claim,"TRC / Form 10FA / Form 10FB, where applicable",Annual / event-based — obtain and keep available before claiming treaty benefits for the relevant period,Section 90(4) Income-tax Act r/w applicable rules,Treaty benefit may be denied if required residency evidence is not furnished.,PAN,New
IN-IT-FORM10F,Income tax,TAX_DIRECT,Form 10F — treaty information by non-resident,Form 10F,"Annual / event-based — furnish electronically before / when treaty benefit is claimed, where required",Section 90(5) Income-tax Act r/w Rule 21AB Income-tax Rules,Treaty benefit may be denied if required information is not furnished.,PAN,New
IN-IT-EQUALISATION-LEVY-LEGACY,Income tax,TAX_DIRECT,Equalisation levy — legacy compliance,"Historical statement / payment, where applicable",Legacy — retain only for historical periods for which equalisation levy was applicable; current-period applicability has been withdrawn,"Finance Act, 2016 equalisation-levy provisions, as amended / withdrawn",Historical defaults may continue to carry interest and penalty consequences.,PAN,New
IN-IT-FORM10A,Income tax,TAX_DIRECT,Trust / institution registration or revalidation — Form 10A,Form 10A,Event-based — file within the statutory registration / revalidation window applicable to the entity,"Sections 12A / 12AB / 80G and Rule 17A Income-tax Rules, as applicable","Delay or non-filing can affect registration, exemption or deduction eligibility.",PAN,New
IN-IT-FORM10AB,Income tax,TAX_DIRECT,Trust / institution registration / conversion / renewal — Form 10AB,Form 10AB,"Event-based — file within the statutory period applicable to provisional registration, renewal, conversion or change in objects","Sections 12A / 12AB / 80G and Rule 17A Income-tax Rules, as applicable","Delay or non-filing can affect registration, exemption or deduction eligibility.",PAN,New
IN-IT-FORM10,Income tax,TAX_DIRECT,Form 10 — statement for accumulation / setting apart of income,Form 10,"Annual — furnish within the prescribed time, generally at least two months before the return due date for the relevant year",Section 11(2) Income-tax Act r/w Rule 17 Income-tax Rules,Late or invalid furnishing can jeopardise the accumulation benefit.,PAN,New
IN-IT-FORM10BD,Income tax,TAX_DIRECT,Form 10BD — statement of donations,Form 10BD,Annual — by 31 May following the end of the financial year,"Section 80G / Section 35 and Rule 18AB Income-tax Rules, as applicable",Late filing fee and penalty may apply for failure or delay in furnishing the prescribed donation statement.,PAN,New
IN-IT-FORM10BE,Income tax,TAX_DIRECT,Form 10BE — donation certificate,Form 10BE,Annual — issue by 31 May following the end of the financial year,Rule 18AB Income-tax Rules,Failure to issue prescribed certificates can attract applicable fee / penalty consequences.,PAN,New
IN-IT-EXEMPTION-APPLICATIONS,Income tax,TAX_DIRECT,Income-tax exemption / deduction applications — prescribed forms,Applicable prescribed forms,Case-specific — due date depends on the exemption / deduction provision and prescribed form,Income-tax Act and Rules applicable to the specific exemption / deduction,Consequences depend on the underlying claim and can include denial of exemption / deduction and prescribed penalty.,PAN,New
IN-IT-FORM29C,Income tax,TAX_DIRECT,Form 29C — alternate minimum tax report,Form 29C,Annual — obtain and furnish by the applicable return-filing due date,Section 115JC / 115JC-related provisions r/w Rule 40BA Income-tax Rules,Failure to furnish the required report can affect the AMT computation and attract applicable penalty.,PAN,New
IN-GST-REG01,GST,TAX_INDIRECT,GST registration — application,REG-01,Event-based — generally within 30 days from the date a person becomes liable for registration; special rules apply to casual / non-resident taxable persons,"Section 25 CGST Act, 2017 r/w Rule 8 CGST Rules, 2017","Failure to register when liable can attract tax, interest and penalty under the CGST Act.",GSTN,New
IN-GST-REG14,GST,TAX_INDIRECT,GST registration — amendment of particulars,REG-14,Event-based — generally within 15 days of the change in registration particulars,"Rule 19 CGST Rules, 2017",Failure to update registration particulars can attract general penalty and compliance restrictions.,GSTN,New
IN-GST-REG16,GST,TAX_INDIRECT,GST registration — application for cancellation,REG-16,"Event-based — file within the prescribed period after the event warranting cancellation, where the taxpayer is required / eligible to apply","Section 29 CGST Act, 2017 r/w Rule 20 CGST Rules, 2017","Continued non-compliance can lead to suo-motu cancellation, tax / return liabilities and penalties.",GSTN,New
IN-GST-GSTR1A,GST,TAX_INDIRECT,GSTR-1A — optional amendment / additional outward-supply details for the same tax period,GSTR-1A,Monthly / quarterly — available after GSTR-1 and before filing GSTR-3B for the same tax period; no separate later statutory due date,"Section 37 CGST Act, 2017 r/w Rule 59 CGST Rules and applicable GSTR-1A procedure","No separate penalty for not using the optional form; omitted / incorrect liability can affect GSTR-3B, interest and downstream reporting.",GSTN,New
IN-GST-GSTR10,GST,TAX_INDIRECT,GSTR-10 — final return after cancellation,GSTR-10,"Event-based — within three months of the effective date of cancellation or the date of the cancellation order, whichever is later","Section 45 CGST Act, 2017 r/w Rule 81 CGST Rules, 2017",Late fee applies for delayed filing and outstanding tax / interest remains payable.,GSTN,New
IN-GST-GSTR11,GST,TAX_INDIRECT,GSTR-11 — statement of inward supplies by UIN holder,GSTR-11,Monthly / event-based — generally by the 28th of the month following the month in which inward supplies are received,"Rule 82 CGST Rules, 2017",Refund processing may be delayed and other consequences can follow from non-compliance.,GSTN,New
